title,date_time,location,price,url
THE GREATEST SHOW ON EARTH | REVEL SATURDAYS,,,,https://www.eventbrite.com/e/the-greatest-show-on-earth-revel-saturdays-tickets-179620629137
Illumination NYC: New York’s Premier Light Art Festival ✨,,,,https://www.eventbrite.com/e/illumination-nyc-new-yorks-premier-light-art-festival-tickets-1653071022929
HOCO COSO TAILGATE,,,,https://www.eventbrite.com/e/hoco-coso-tailgate-tickets-1743799283599
San Francisco Career Fair,,,,https://www.eventbrite.com/e/san-francisco-career-fair-tickets-698942474757
FLIRT FRIDAYS | SEVEN MIDTOWN,,,,https://www.eventbrite.com/e/flirt-fridays-seven-midtown-tickets-221137326697
"FREE Latino Carnival: Banda El Limon, Banda Maguey, Baby Bash, Frankie J...",,,,https://www.eventbrite.com/e/free-latino-carnival-banda-el-limon-banda-maguey-baby-bash-frankie-j-tickets-1665556898519
M·A·C Match Day - All US Stores!,,,,https://www.eventbrite.com/e/mac-match-day-all-us-stores-tickets-1681251802399
Sky Wars 2025 - US Invitational Fireworks Championship,,,,https://www.eventbrite.com/e/sky-wars-2025-us-invitational-fireworks-championship-tickets-745670329027
LATINO CARNAVAL - Conciero GRATIS con La Original Banda Limon y mucho Mas,,,,https://www.eventbrite.com/e/latino-carnaval-conciero-gratis-con-la-original-banda-limon-y-mucho-mas-tickets-1373962882969
Annual Meeting 2025,,,,https://www.eventbrite.com/e/annual-meeting-2025-tickets-1556539454409
ATLANTA HOUSE PARTY | FRIDAY NIGHT ROOFTOP PARTY,,,,https://www.eventbrite.com/e/atlanta-house-party-friday-night-rooftop-party-tickets-143005871411
Where Plants Come From,,,,https://www.eventbrite.com/e/where-plants-come-from-tickets-1607204454789
Red Bull Tandem Rollercoaster,,,,https://www.eventbrite.com/e/red-bull-tandem-rollercoaster-tickets-1690991484049
Strategies to De-escalate Children in Distress [Free Webinar],,,,https://www.eventbrite.com/e/strategies-to-de-escalate-children-in-distress-free-webinar-tickets-1563224930849
14th Annual Tampa Pig Jig,,,,https://www.eventbrite.com/e/14th-annual-tampa-pig-jig-tickets-1326026744689
SB Sunnyvale Basement Basement Sale,,,,https://www.eventbrite.com/e/sb-sunnyvale-basement-basement-sale-tickets-1712481621629
LYFE ATL THIS SATURDAY [FREE ENTRY W/ RSVP],,,,https://www.eventbrite.com/e/lyfe-atl-this-saturday-free-entry-w-rsvp-tickets-1021242573027
